NUTS3,CODE
'NL416','5411
'NL115','9791
'NL126','8476
'NL415','5165
'NL221','3844
'NL423','6341
'NL421','5807
'NL221','3841
'NL415','5161
'NL221','6733
'NL221','3845
'NL32B','2136
'NL422','6091
'NL221','3843
'NL126','8475
'NL32B','2135
'NL128','8724
'NL350','3989
'NL350','3451
'NL423','6343
'NL211','8332
'NL415','5021
'NL221','8082
'NL211','8331
'NL422','6093
'NL221','8081
'NL366','3061
'NL115','9793
'NL350','3701
'NL126','8478
'NL115','9792
'NL221','3846
'NL126','8477
'NL423','6342
'NL422','6092
'NL213','7661
'NL115','9796
'NL115','9795
'NL350','3703
'NL126','8454
'NL422','6096
'NL131','7910
'NL221','3849
'NL350','3453
'NL350','3702
'NL126','8453
'NL366','3063
'NL350','3452
'NL321','1742
'NL221','3848
'NL422','6095
'NL415','5022
'NL115','9794
'NL366','3062
'NL133','7913
'NL321','1741
'NL213','7663
'NL221','3847
'NL350','3705
'NL415','5025
'NL115','9771
'NL350','3704
'NL126','8456
'NL133','7912
'NL366','3065
'NL213','7662
'NL126','8455
'NL115','9774
'NL350','3454
'NL422','6097
'NL321','1744
'NL133','7911
'NL366','3064
'NL213','7665
'NL230','8312
'NL350','3707
'NL115','9773
'NL133','7915
'NL411','4772
'NL364','3311
'NL133','7914
'NL321','1601
'NL321','1747
'NL126','8458
'NL366','3068
'NL350','3706
'NL366','3067
'NL213','7664
'NL211','8061
'NL230','1351
'NL411','4771
'NL230','8311
'NL415','5026
'NL225','7271
'NL422','6099
'NL126','8457
'NL213','7521
'NL366','3066
'NL211','8064
'NL213','7522
'NL321','1746
'NL132','7917
'NL364','3313
'NL133','7916
'NL321','1749
'NL230','8314
'NL213','7667
'NL350','3455
'NL350','3709
'NL350','3708
'NL230','1353
'NL342','4381
'NL366','3069
'NL321','1602
'NL364','3312
'NL230','8313
'NL213','7666
'NL323','1921
'NL224','6669
'NL226','6523
'NL221','3776
'NL126','9246
'NL414','5561
'NL342','4384
'NL421','5953
'NL364','3319
'NL32B','2064
'NL226','6521
'NL363','2316
'NL342','4386
'NL127','9101
'NL342','4388
'NL321','1671
'NL350','3631
'NL364','3381
'NL363','2318
'NL226','6522
'NL115','9635
'NL350','3633
'NL226','6668
'NL213','7591
'NL364','3316
'NL115','9636
'NL225','7131
'NL342','4385
'NL363','2314
'NL423','6271
'NL363','2315
'NL225','7134
'NL364','4241
'NL126','9247
'NL411','4635
'NL363','2313
'NL364','3318
'NL342','4387
'NL364','4243
'NL350','4243
'NL342','4389
'NL364','3315
'NL363','2317
'NL226','6917
'NL126','9244
'NL226','6666
'NL421','5954
'NL421','5811
'NL32B','2065
'NL126','9241
'NL133','7984
'NL411','4634
'NL133','7985
'NL226','6524
'NL126','9243
'NL226','6916
'NL423','6274
'NL421','5951
'NL423','6273
'NL126','9245
'NL230','8317
'NL213','7523
'NL411','4631
'NL225','7273
'NL230','8316
'NL133','7918
'NL342','4382
'NL364','3317
'NL363','2312
'NL225','7275
'NL366','2921
'NL225','7274
'NL230','1352
'NL362','2671
'NL115','9632
'NL342','4383
'NL213','7668
'NL364','3314
'NL230','8315
'NL211','8315
'NL114','9631
'NL213','7524
'NL126','8459
'NL230','8319
'NL363','2311
'NL225','7132
'NL211','8066
'NL32A','2063
'NL213','7525
'NL115','9633
'NL365','2461
'NL126','8441
'NL221','8191
'NL342','4421
'NL411','4817
'NL341','4567
'NL423','6137
'NL366','3244
'NL127','8855
'NL411','4813
'NL128','8463
'NL221','7312
'NL32B','1141
'NL411','4816
'NL128','8715
'NL411','4814
'NL211','7707
'NL225','7064
'NL341','4568
'NL128','8713
'NL224','4171
'NL325','1534
'NL411','4818
'NL221','7314
'NL366','3248
'NL128','8461
'NL366','3249
'NL341','4561
'NL423','6135
'NL128','8711
'NL411','4811
'NL127','9108
'NL128','8465
'NL127','8857
'NL128','8462
'NL411','4812
'NL133','7705
'NL411','4815
'NL225','7061
'NL366','3247
'NL221','7311
'NL341','4565
'NL365','2851
'NL115','9781
'NL127','8856
'NL361','2712
'NL423','6134
'NL321','1678
'NL128','8464
'NL341','4566
'NL341','4564
'NL328','1536
'NL132','7849
'NL366','3245
'NL365','2855
'NL221','7315
'NL225','7065
'NL132','7848
'NL416','5348
'NL366','2991
'NL127','9103
'NL366','3241
'NL325','1531
'NL366','2992
'NL213','7595
'NL211','7701
'NL213','7451
'NL423','6136
'NL364','2995
'NL132','7841
'NL132','7843
'NL423','6132
'NL132','7847
'NL423','6276
'NL127','8854
'NL126','9249
'NL423','6278
'NL226','6525
'NL127','8851
'NL213','7597
'NL321','1679
'NL127','9105
'NL127','9107
'NL132','7842
'NL423','6131
'NL423','6277
'NL423','6133
'NL350','3632
'NL213','7596
'NL127','9104
'NL321','1674
'NL127','9109
'NL133','7986
'NL416','5349
'NL366','2993
'NL350','3634
'NL132','7844
'NL366','3243
'NL127','8853
'NL126','9248
'NL341','4562
'NL366','2994
'NL132','7846
'NL127','9102
'NL127','8852
'NL211','7702
'NL127','9106
'NL132','7845
'NL321','1676
'NL226','6904
'NL127','9231
'NL350','3641
'NL230','8308
'NL416','5211
'NL416','5358
'NL115','9627
'NL361','2719
'NL221','3781
'NL226','6674
'NL230','8302
'NL224','4033
'NL126','8448
'NL133','7991
'NL416','5354
'NL365','2445
'NL416','5355
'NL416','5213
'NL226','6655
'NL416','5212
'NL350','3642
'NL115','9621
'NL115','9623
'NL230','8304
'NL115','9624
'NL230','8309
'NL226','6903
'NL115','9231
'NL226','6673
'NL226','6924
'NL226','6675
'NL416','5353
'NL226','6905
'NL363','2324
'NL226','6671
'NL361','2716
'NL226','6921
'NL131','9765
'NL230','8303
'NL226','6533
'NL115','9622
'NL226','6532
'NL230','8307
'NL226','6654
'NL32A','2051
'NL226','6678
'NL221','3785
'NL115','9628
'NL212','8198
'NL416','5351
'NL221','8052
'NL226','6923
'NL115','9626
'NL416','5356
'NL126','8449
'NL32B','1127
'NL361','2718
'NL226','6531
'NL115','9625
'NL363','2323
'NL132','7851
'NL221','3784
'NL226','6677
'NL416','5352
'NL131','9766
'NL212','8055
'NL423','6281
'NL230','8305
'NL226','6676
'NL416','5492
'NL361','2713
'NL341','4569
'NL411','4819
'NL416','5491
'NL224','4176
'NL230','8301
'NL221','8051
'NL363','2321
'NL126','8447
'NL323','2071
'NL224','4031
'NL226','6672
'NL414','5741
'NL361','2717
'NL361','2711
'NL126','8445
'NL126','8442
'NL226','6922
'NL361','2715
'NL224','4175
'NL131','9761
'NL221','7313
'NL363','2465
'NL221','8194
'NL126','8444
'NL224','4032
'NL363','2322
'NL126','8446
'NL342','4424
'NL221','7317
'NL127','8835
'NL212','8196
'NL224','4174
'NL32B','1145
'NL221','7316
'NL342','4423
'NL221','8193
'NL126','8443
'NL128','8701
'NL342','4698
'NL366','3237
'NL327','1273
'NL32B','1131
'NL341','4551
'NL366','2988
'NL213','7586
'NL366','3232
'NL350','3628
'NL361','2591
'NL423','6124
'NL213','7443
'NL327','1271
'NL325','1521
'NL366','3231
'NL366','3234
'NL423','6127
'NL213','7442
'NL341','4553
'NL361','2592
'NL366','2983
'NL342','4693
'NL366','2986
'NL342','4695
'NL327','1274
'NL423','6125
'NL342','4696
'NL128','8844
'NL366','2985
'NL423','6269
'NL342','4691
'NL411','4941
'NL366','3233
'NL366','2981
'NL366','3235
'NL128','8702
'NL327','1272
'NL128','8845
'NL366','2989
'NL126','8452
'NL361','2593
'NL423','6268
'NL213','7441
'NL213','7587
'NL127','8842
'NL423','6122
'NL411','4944
'NL327','3625
'NL342','4697
'NL366','2984
'NL342','4694
'NL213','7588
'NL421','5871
'NL423','6121
'NL327','1275
'NL127','8843
'NL366','2987
'NL350','3626
'NL423','6123
'NL350','3762
'NL350','3766
'NL415','5087
'NL226','6511
'NL213','7581
'NL350','3764
'NL364','3371
'NL323','1911
'NL321','1661
'NL213','7582
'NL224','6659
'NL416','5359
'NL133','7974
'NL415','5089
'NL226','6515
'NL350','3768
'NL423','6261
'NL224','5335
'NL364','3372
'NL226','6653
'NL423','6265
'NL423','6267
'NL226','6909
'NL224','6658
'NL416','5215
'NL416','5357
'NL350','3621
'NL224','6657
'NL350','3765
'NL226','6512
'NL224','4017
'NL133','7973
'NL133','7975
'NL350','3769
'NL132','7831
'NL321','1662
'NL423','6262
'NL213','7585
'NL411','4942
'NL366','2982
'NL350','3763
'NL132','7833
'NL364','3373
'NL133','7971
'NL321','1663
'NL127','9233
'NL127','8841
'NL115','9629
'NL415','5085
'NL226','6642
'NL416','5342
'NL414','5738
'NL32A','2041
'NL226','6914
'NL32B','1118
'NL226','6661
'NL416','5481
'NL414','5735
'NL342','4416
'NL414','5091
'NL363','2182
'NL416','5341
'NL226','6663
'NL414','5737
'NL133','7981
'NL365','2435
'NL221','3773
'NL416','5344
'NL414','5096
'NL128','8771
'NL416','5343
'NL221','3772
'NL226','6915
'NL221','3775
'NL32B','1115
'NL226','6665
'NL32A','2061
'NL416','5482
'NL128','9021
'NL224','4024
'NL342','4417
'NL128','8773
'NL224','4021
'NL226','6911
'NL226','6913
'NL32B','1119
'NL127','9025
'NL365','2432
'NL127','9027
'NL127','9022
'NL226','6662
'NL365','2431
'NL32B','1117
'NL127','9024
'NL128','8772
'NL221','3771
'NL224','4023
'NL363','2181
'NL414','5731
'NL131','9419
'NL325','1509
'NL32B','1114
'NL350','2435
'NL128','8774
'NL131','9417
'NL133','9417
'NL414','5094
'NL133','7983
'NL127','9026
'NL127','9023
'NL342','4413
'NL131','9418
'NL225','7051
'NL366','2841
'NL327','1276
'NL213','7447
'NL131','9411
'NL366','3238
'NL32B','1132
'NL224','4161
'NL361','2596
'NL127','9164
'NL32B','1135
'NL363','2451
'NL131','9414
'NL423','6129
'NL361','2595
'NL350','4163
'NL126','8451
'NL327','1277
'NL341','4554
'NL325','1525
'NL127','9163
'NL225','7055
'NL131','9413
'NL361','2597
'NL127','9161
'NL361','2594
'NL127','9162
'NL225','7054
'NL342','4411
'NL131','9412
'NL131','9416
'NL127','9166
'NL213','7448
'NL342','4415
'NL421','5872
'NL230','8239
'NL131','9415
'NL342','4414
'NL132','7828
'NL364','2975
'NL212','8105
'NL366','3224
'NL323','1906
'NL212','7431
'NL364','3362
'NL126','8389
'NL411','4931
'NL230','8243
'NL132','7824
'NL323','1901
'NL132','7823
'NL115','9811
'NL212','8102
'NL127','9171
'NL422','6114
'NL327','1262
'NL115','9959
'NL132','7825
'NL132','7827
'NL350','3612
'NL364','2971
'NL213','7574
'NL212','8101
'NL213','7573
'NL422','6112
'NL350','3615
'NL366','3221
'NL327','1261
'NL325','1511
'NL32B','1511
'NL131','9423
'NL133','9423
'NL115','9812
'NL411','4681
'NL115','9957
'NL213','7575
'NL133','7964
'NL321','1797
'NL321','1652
'NL423','6255
'NL323','1902
'NL321','1655
'NL213','7572
'NL224','5327
'NL133','8387
'NL115','9956
'NL132','7822
'NL422','6111
'NL213','7576
'NL321','1796
'NL415','5076
'NL132','9564
'NL132','7826
'NL212','8103
'NL364','2973
'NL321','1657
'NL230','8245
'NL321','1654
'NL364','3364
'NL114','9561
'NL366','3222
'NL213','7571
'NL364','3363
'NL115','9955
'NL114','9563
'NL230','8244
'NL132','7821
'NL364','3366
'NL321','1658
'NL131','9421
'NL114','9566
'NL230','8242
'NL364','3361
'NL128','8637
'NL350','3751
'NL230','3897
'NL321','1793
'NL350','3752
'NL224','4004
'NL226','6645
'NL416','5469
'NL133','7963
'NL350','3755
'NL115','9951
'NL321','1791
'NL128','8633
'NL226','6641
'NL133','8382
'NL32A','2042
'NL133','8383
'NL224','4006
'NL416','5345
'NL128','8631
'NL321','1795
'NL224','5325
'NL128','8775
'NL230','3898
'NL128','8635
'NL423','6251
'NL350','3754
'NL414','5095
'NL133','8381
'NL115','9954
'NL133','7966
'NL221','3774
'NL230','3896
'NL416','5347
'NL224','4007
'NL416','5074
'NL415','5074
'NL224','5324
'NL321','1794
'NL230','8241
'NL226','6644
'NL321','1792
'NL133','8385
'NL224','4005
'NL416','5346
'NL128','8636
'NL115','9953
'NL133','7961
'NL224','5328
'NL133','7965
'NL230','3899
'NL350','3611
'NL128','8632
'NL126','8388
'NL423','6252
'NL133','8386
'NL133','8384
'NL224','4157
'NL363','2171
'NL32B','1106
'NL365','2421
'NL226','6902
'NL226','6652
'NL416','5476
'NL361','2586
'NL131','9404
'NL361','2566
'NL32B','1101
'NL224','4156
'NL131','9406
'NL361','2564
'NL32B','1103
'NL416','5473
'NL128','9013
'NL363','2172
'NL224','4158
'NL224','4012
'NL224','4011
'NL224','4153
'NL415','5081
'NL225','7046
'NL131','9408
'NL32B','1102
'NL131','9402
'NL342','4401
'NL127','9298
'NL365','2441
'NL416','5472
'NL414','5724
'NL225','7048
'NL225','7044
'NL363','2191
'NL414','5722
'NL128','9012
'NL32B','1104
'NL361','2565
'NL414','5721
'NL224','4155
'NL127','9152
'NL131','9401
'NL224','4151
'NL127','9156
'NL361','2587
'NL32B','2441
'NL421','5866
'NL131','9407
'NL128','9014
'NL127','9011
'NL131','9405
'NL131','9409
'NL350','2421
'NL225','7047
'NL416','5471
'NL127','9155
'NL421','5865
'NL128','8761
'NL224','4152
'NL131','9422
'NL361','2582
'NL212','7434
'NL127','9172
'NL341','4541
'NL341','4543
'NL361','2584
'NL127','9294
'NL32B','1121
'NL364','2977
'NL127','9296
'NL366','3223
'NL213','7577
'NL361','2583
'NL225','7041
'NL328','1906
'NL365','2831
'NL361','2581
'NL421','5862
'NL127','9154
'NL361','2585
'NL341','4542
'NL127','9297
'NL421','5864
'NL131','9403
'NL364','2974
'NL114','9545
'NL212','7433
'NL422','6118
'NL366','3225
'NL230','8226
'NL212','7435
'NL127','9173
'NL422','6116
'NL127','9295
'NL127','9151
'NL212','7437
'NL115','9939
'NL127','9299
'NL225','7437
'NL421','5861
'NL225','7045
'NL127','9153
'NL366','3227
'NL221','7439
'NL421','5863
'NL114','9551
'NL364','3351
'NL321','1641
'NL350','3605
'NL350','1391
'NL115','9801
'NL132','7813
'NL321','1787
'NL114','9697
'NL211','8375
'NL32A','2035
'NL321','1784
'NL211','7951
'NL415','5066
'NL423','6243
'NL321','1786
'NL230','8231
'NL364','3352
'NL423','6245
'NL114','9944
'NL321','1788
'NL128','8624
'NL211','8377
'NL128','8629
'NL350','3602
'NL32A','2037
'NL321','1642
'NL230','8233
'NL321','1781
'NL350','3741
'NL414','5707
'NL415','5061
'NL114','9691
'NL133','7957
'NL224','5316
'NL224','5314
'NL350','3743
'NL213','7561
'NL350','3601
'NL114','9698
'NL211','8376
'NL114','9943
'NL132','7811
'NL114','9695
'NL321','1785
'NL211','7955
'NL114','9693
'NL211','8374
'NL321','1783
'NL230','8232
'NL128','8628
'NL411','4671
'NL32A','2036
'NL224','5311
'NL128','8625
'NL414','5709
'NL415','5063
'NL350','3742
'NL350','3603
'NL350','3744
'NL211','7954
'NL211','8378
'NL350','3749
'NL423','6241
'NL364','3353
'NL224','5318
'NL224','5315
'NL128','8627
'NL321','1782
'NL224','5317
'NL321','1789
'NL114','9942
'NL128','8626
'NL350','3761
'NL32A','2031
'NL32B','1108
'NL221','3886
'NL211','8371
'NL32A','2032
'NL128','8621
'NL32A','2034
'NL414','5708
'NL224','5313
'NL221','3888
'NL226','6651
'NL224','5331
'NL414','5706
'NL32B','1109
'NL32A','2033
'NL415','5062
'NL32B','1107
'NL128','8622
'NL414','5725
'NL211','8373
'NL128','8765
'NL128','8766
'NL128','8763
'NL224','4014
'NL226','6901
'NL226','6631
'NL224','4016
'NL414','5705
'NL226','6634
'NL415','5084
'NL128','8764
'NL224','5334
'NL128','8623
'NL416','5455
'NL211','8372
'NL221','3882
'NL32B','1105
'NL224','5333
'NL224','4013
'NL128','8762
'NL230','8219
'NL341','4537
'NL366','3218
'NL361','2574
'NL325','1508
'NL127','9142
'NL415','4287
'NL32B','1112
'NL366','3214
'NL325','1504
'NL422','6107
'NL415','4283
'NL341','4533
'NL361','2572
'NL325','1507
'NL32B','1111
'NL114','9679
'NL415','4285
'NL325','1506
'NL361','2571
'NL341','4535
'NL366','3216
'NL365','2821
'NL127','9288
'NL361','2573
'NL127','9285
'NL350','4141
'NL364','2968
'NL415','4281
'NL225','7031
'NL132','9535
'NL415','4284
'NL325','1501
'NL132','9531
'NL327','1398
'NL421','5991
'NL422','6104
'NL327','1251
'NL127','9283
'NL364','2969
'NL132','9533
'NL132','9536
'NL421','5995
'NL366','3211
'NL114','9677
'NL212','7423
'NL411','4926
'NL421','5993
'NL325','1503
'NL212','7425
'NL422','6109
'NL325','1505
'NL321','1647
'NL212','7427
'NL341','4532
'NL212','7424
'NL411','4927
'NL364','2967
'NL365','2825
'NL230','8218
'NL127','9286
'NL421','5853
'NL32B','1113
'NL421','5851
'NL127','9284
'NL212','7422
'NL132','9534
'NL327','1399
'NL212','7426
'NL342','4675
'NL127','9281
'NL423','6247
'NL364','3354
'NL327','1394
'NL411','4921
'NL364','3356
'NL325','1502
'NL115','9804
'NL321','1648
'NL132','7815
'NL422','6102
'NL366','3212
'NL341','4531
'NL422','6105
'NL350','1394
'NL212','7421
'NL114','9678
'NL350','3608
'NL133','7958
'NL422','6101
'NL364','2961
'NL364','3355
'NL350','3607
'NL321','1643
'NL350','1396
'NL364','2965
'NL128','8608
'NL132','7812
'NL114','9699
'NL321','1645
'NL115','9805
'NL350','1393
'NL230','8212
'NL213','7562
'NL132','7814
'NL364','2964
'NL114','9696
'NL411','4924
'NL350','3604
'NL328','1646
'NL350','3606
'NL327','1252
'NL342','4461
'NL127','9008
'NL422','6035
'NL213','7604
'NL411','4711
'NL32B','1432
'NL366','3142
'NL211','8361
'NL366','3141
'NL213','7495
'NL127','9003
'NL32B','1431
'NL366','3286
'NL32B','1181
'NL328','1827
'NL411','4854
'NL32B','1433
'NL213','7601
'NL328','1825
'NL415','5109
'NL366','3143
'NL415','5071
'NL224','4002
'NL328','1823
'NL416','5467
'NL328','1829
'NL32B','1183
'NL213','7602
'NL127','9006
'NL414','5715
'NL422','6031
'NL416','5465
'NL127','8895
'NL224','5321
'NL128','8751
'NL230','3894
'NL221','7351
'NL416','5466
'NL128','8753
'NL328','1826
'NL127','9007
'NL366','3144
'NL415','4855
'NL128','8754
'NL127','9004
'NL127','8899
'NL213','7496
'NL224','4003
'NL328','1824
'NL416','5464
'NL128','8752
'NL127','9005
'NL213','7497
'NL423','6176
'NL422','6034
'NL127','8897
'NL127','9001
'NL323','1967
'NL341','4536
'NL415','4286
'NL127','9145
'NL323','1963
'NL414','5711
'NL341','4538
'NL127','9147
'NL350','4142
'NL416','5463
'NL323','1969
'NL230','3892
'NL421','5855
'NL212','7429
'NL127','8891
'NL416','5461
'NL414','5712
'NL323','1965
'NL421','5854
'NL212','7428
'NL341','4539
'NL224','4001
'NL350','4143
'NL225','7036
'NL323','1964
'NL127','9144
'NL328','1821
'NL230','3891
'NL127','9141
'NL225','7038
'NL323','1966
'NL416','5462
'NL328','1822
'NL127','9143
'NL127','9148
'NL127','8892
'NL127','9146
'NL350','4145
'NL421','5856
'NL127','9289
'NL127','8894
'NL323','1968
'NL127','9287
'NL230','3893
'NL224','4147
'NL132','9537
'NL225','7035
'NL225','7037
'NL127','8896
'NL415','4288
'NL230','3895
'NL225','7039
'NL127','8893
'NL414','5645
'NL363','2224
'NL362','2616
'NL226','6821
'NL414','5642
'NL342','4322
'NL127','9291
'NL225','6964
'NL362','2613
'NL114','9541
'NL225','7217
'NL414','5644
'NL230','8224
'NL363','2221
'NL416','5392
'NL225','7215
'NL363','2362
'NL416','5394
'NL342','4327
'NL363','2223
'NL350','3931
'NL127','9293
'NL226','6822
'NL213','7609
'NL225','6961
'NL32B','1046
'NL414','5641
'NL114','9687
'NL342','4328
'NL416','5396
'NL414','5646
'NL226','6572
'NL114','9685
'NL362','2612
'NL342','4326
'NL230','8222
'NL414','5643
'NL221','8096
'NL213','7608
'NL128','8615
'NL226','6961
'NL416','5391
'NL362','2614
'NL225','7216
'NL114','9684
'NL114','9665
'NL342','4323
'NL32B','1045
'NL230','8223
'NL230','8221
'NL211','8346
'NL225','7218
'NL114','9686
'NL32B','1047
'NL230','8225
'NL416','5395
'NL226','6571
'NL211','8347
'NL127','9292
'NL363','2222
'NL342','4325
'NL221','8097
'NL114','9688
'NL128','8618
'NL362','2611
'NL225','7213
'NL366','3145
'NL32B','1185
'NL32B','1435
'NL415','4856
'NL128','8755
'NL32B','1187
'NL128','8757
'NL422','6039
'NL411','4714
'NL342','4464
'NL213','7607
'NL32B','1044
'NL342','4463
'NL422','6037
'NL32B','1041
'NL366','3146
'NL366','2752
'NL32B','1189
'NL213','7606
'NL411','4715
'NL32B','1043
'NL128','8613
'NL225','7214
'NL366','2751
'NL128','8759
'NL114','9682
'NL211','8363
'NL342','4321
'NL213','7603
'NL32B','1182
'NL32B','1186
'NL128','8617
'NL32B','1184
'NL128','8614
'NL363','2361
'NL128','8756
'NL213','7605
'NL342','4462
'NL128','8612
'NL211','8362
'NL342','4465
'NL32B','1188
'NL128','8758
'NL32B','1438
'NL415','4859
'NL32B','1042
'NL127','9009
'NL32B','1436
'NL350','1188
'NL225','7211
'NL415','4858
'NL366','3147
'NL128','8616
'NL221','7352
'NL114','9681
'NL128','8611
'NL32B','1437
'NL423','6413
'NL325','1561
'NL423','6164
'NL350','3401
'NL366','3297
'NL366','3151
'NL415','5111
'NL416','5258
'NL366','3291
'NL423','6433
'NL415','5113
'NL414','5509
'NL127','8881
'NL132','9528
'NL350','3544
'NL366','3295
'NL422','6041
'NL423','6415
'NL323','1951
'NL414','5507
'NL350','3546
'NL132','7754
'NL422','6043
'NL127','9132
'NL415','4861
'NL423','6439
'NL127','8883
'NL366','3299
'NL350','3402
'NL323','1975
'NL423','6181
'NL414','5505
'NL226','6827
'NL416','5255
'NL127','9134
'NL132','7756
'NL323','1974
'NL350','3542
'NL226','6579
'NL325','1562
'NL423','6414
'NL423','6165
'NL213','7610
'NL366','3292
'NL127','9136
'NL422','6042
'NL423','6438
'NL132','7895
'NL414','5508
'NL350','3541
'NL132','9526
'NL416','5257
'NL132','7753
'NL350','3545
'NL221','7361
'NL328','1812
'NL132','9527
'NL127','9135
'NL132','7751
'NL127','8882
'NL127','9131
'NL423','6436
'NL415','5114
'NL350','3543
'NL127','9133
'NL213','7611
'NL132','7755
'NL127','9137
'NL366','3293
'NL423','6431
'NL132','9524
'NL127','9271
'NL132','9521
'NL416','5251
'NL132','7891
'NL363','2225
'NL414','5504
'NL226','6826
'NL416','5254
'NL416','5253
'NL132','7894
'NL226','6825
'NL414','5503
'NL323','1971
'NL226','6576
'NL323','1972
'NL414','5502
'NL226','6574
'NL414','5501
'NL226','6823
'NL132','9523
'NL423','6432
'NL226','6828
'NL226','6824
'NL226','6573
'NL414','5647
'NL414','5506
'NL226','6578
'NL416','5397
'NL416','5256
'NL132','9525
'NL323','1976
'NL416','5398
'NL114','9663
'NL323','1973
'NL416','5252
'NL132','7892
'NL226','6575
'NL226','6577
'NL366','3136
'NL365','2741
'NL411','4701
'NL411','4847
'NL211','7739
'NL366','3131
'NL350','3527
'NL32B','1421
'NL414','6024
'NL32B','1171
'NL342','4453
'NL366','3134
'NL221','7341
'NL411','4845
'NL32B','1424
'NL32B','1423
'NL361','2492
'NL365','2742
'NL411','4702
'NL366','3137
'NL342','4455
'NL423','6419
'NL414','6026
'NL128','8601
'NL128','8747
'NL411','4844
'NL328','1815
'NL366','3132
'NL128','8493
'NL32B','1422
'NL325','1567
'NL411','4849
'NL126','8494
'NL128','8744
'NL211','7737
'NL342','4451
'NL211','7736
'NL128','8602
'NL328','1814
'NL366','3135
'NL128','8748
'NL221','7345
'NL350','1427
'NL414','6029
'NL328','1817
'NL225','7095
'NL366','3133
'NL32B','1031
'NL350','3528
'NL128','8745
'NL361','2493
'NL414','6027
'NL126','8497
'NL128','8742
'NL126','8495
'NL133','8351
'NL211','7738
'NL328','1816
'NL350','1426
'NL225','7091
'NL414','6021
'NL423','6417
'NL213','7482
'NL350','3524
'NL423','6166
'NL213','7481
'NL350','3523
'NL423','6416
'NL211','7731
'NL325','1566
'NL350','3526
'NL411','4841
'NL126','8491
'NL423','6418
'NL414','6023
'NL128','8743
'NL211','7735
'NL328','1813
'NL366','3273
'NL350','3525
'NL213','7483
'NL328','1811
'NL211','7732
'NL366','3274
'NL423','6163
'NL350','3522
'NL423','6167
'NL132','7877
'NL128','8741
'NL127','9138
'NL211','7734
'NL127','8884
'NL127','8885
'NL363','2215
'NL226','6562
'NL132','7881
'NL411','4707
'NL363','2351
'NL361','2498
'NL230','8211
'NL363','2353
'NL411','4709
'NL414','5632
'NL416','5384
'NL226','6956
'NL342','4318
'NL416','5386
'NL128','8606
'NL363','2211
'NL350','3921
'NL127','8922
'NL361','2497
'NL342','4315
'NL342','4458
'NL411','4708
'NL225','7204
'NL32B','1033
'NL363','2352
'NL226','6952
'NL225','7207
'NL342','4317
'NL416','5382
'NL363','2212
'NL416','5241
'NL414','5631
'NL211','8356
'NL32B','1036
'NL127','8921
'NL226','6813
'NL32B','1037
'NL416','5381
'NL114','9672
'NL363','2355
'NL342','4311
'NL128','8607
'NL115','9925
'NL342','4316
'NL226','6561
'NL114','9675
'NL32B','1035
'NL224','4064
'NL226','6811
'NL127','9067
'NL226','6953
'NL226','6951
'NL416','5383
'NL225','7206
'NL226','6955
'NL226','6957
'NL414','5633
'NL114','9674
'NL224','4061
'NL114','9673
'NL128','8603
'NL128','8749
'NL225','7203
'NL114','9671
'NL411','4706
'NL128','8605
'NL361','2496
'NL225','7202
'NL411','4703
'NL342','4456
'NL411','4705
'NL221','7348
'NL128','8604
'NL221','7346
'NL211','8355
'NL32B','1034
'NL225','7201
'NL128','8746
'NL32B','1032
'NL365','1428
'NL414','6028
'NL366','3138
'NL224','4063
'NL361','2491
'NL365','2743
'NL342','4454
'NL225','7205
'NL411','4704
'NL361','2495
'NL224','4062
'NL32B','1175
'NL350','3512
'NL131','9462
'NL366','3262
'NL411','4851
'NL415','5102
'NL323','1942
'NL423','6174
'NL350','3927
'NL350','3511
'NL366','3261
'NL350','3907
'NL350','3905
'NL323','1946
'NL213','7472
'NL415','5106
'NL211','7722
'NL423','6155
'NL115','9712
'NL341','4581
'NL366','3281
'NL416','5248
'NL127','9851
'NL127','9853
'NL115','9853
'NL211','7721
'NL323','1949
'NL115','9997
'NL321','1695
'NL415','5105
'NL323','1941
'NL115','9999
'NL325','1551
'NL350','3513
'NL213','7471
'NL321','1696
'NL132','7741
'NL213','7491
'NL350','3533
'NL321','1693
'NL415','5103
'NL128','8535
'NL132','7742
'NL323','1945
'NL131','9461
'NL366','3264
'NL350','3534
'NL350','3532
'NL423','6151
'NL366','3284
'NL415','5107
'NL132','7864
'NL323','1943
'NL350','3906
'NL212','8144
'NL366','3263
'NL321','1697
'NL323','1944
'NL226','6546
'NL416','5249
'NL415','5104
'NL128','8537
'NL212','8141
'NL323','1947
'NL127','9852
'NL115','9998
'NL350','3531
'NL128','8538
'NL115','9713
'NL321','1692
'NL128','8539
'NL132','7889
'NL128','8536
'NL423','6153
'NL115','9995
'NL132','7887
'NL416','5242
'NL323','1962
'NL416','5388
'NL226','6814
'NL226','6564
'NL226','6816
'NL226','6566
'NL416','5244
'NL128','8531
'NL416','5247
'NL211','8281
'NL127','8926
'NL132','7885
'NL115','9996
'NL415','5101
'NL221','3925
'NL128','8532
'NL423','6422
'NL226','6812
'NL127','8927
'NL416','5246
'NL128','8534
'NL127','8924
'NL323','1961
'NL416','5243
'NL423','6171
'NL423','6421
'NL132','7884
'NL416','5245
'NL321','1691
'NL350','3922
'NL226','6815
'NL363','2216
'NL127','8925
'NL127','8923
'NL221','7339
'NL32B','1026
'NL226','6691
'NL225','6941
'NL327','1412
'NL341','4587
'NL115','9718
'NL422','6019
'NL131','9321
'NL221','7335
'NL414','5761
'NL32B','1022
'NL341','4588
'NL342','4301
'NL363','2342
'NL32B','1025
'NL127','9055
'NL221','7333
'NL127','9072
'NL224','4196
'NL32B','1023
'NL224','4054
'NL411','4837
'NL365','2731
'NL127','9077
'NL32B','1021
'NL411','4834
'NL366','3123
'NL127','9073
'NL363','2481
'NL224','4197
'NL127','9078
'NL363','2341
'NL224','4191
'NL366','3122
'NL422','6015
'NL342','4441
'NL411','4838
'NL131','9467
'NL131','9468
'NL221','7334
'NL127','9071
'NL341','4586
'NL224','4051
'NL225','7084
'NL225','7083
'NL127','9076
'NL224','4194
'NL115','9717
'NL411','4836
'NL366','3125
'NL415','4836
'NL32B','1024
'NL363','2735
'NL225','6942
'NL127','9075
'NL342','4444
'NL32B','1165
'NL422','6017
'NL366','3124
'NL342','4443
'NL341','4589
'NL127','9074
'NL221','7336
'NL414','5763
'NL131','9305
'NL127','9079
'NL411','4839
'NL115','9715
'NL115','9711
'NL211','8146
'NL365','2871
'NL213','7475
'NL327','1411
'NL366','3121
'NL32B','1161
'NL131','9466
'NL213','7478
'NL365','2872
'NL350','3515
'NL221','7332
'NL341','4585
'NL211','8147
'NL211','8148
'NL411','4835
'NL221','7331
'NL366','3265
'NL115','9716
'NL350','3514
'NL422','6014
'NL422','6011
'NL323','1948
'NL131','9464
'NL341','4583
'NL366','3267
'NL131','9465
'NL225','7081
'NL341','4584
'NL422','6012
'NL115','9714
'NL131','9469
'NL131','9463
'NL422','6013
'NL328','1934
'NL226','6536
'NL211','8271
'NL414','5629
'NL416','5233
'NL128','8521
'NL127','8916
'NL423','6411
'NL127','8918
'NL321','1681
'NL350','3521
'NL328','1931
'NL366','3271
'NL423','6286
'NL115','9843
'NL128','8524
'NL226','6535
'NL350','3643
'NL423','6412
'NL115','9982
'NL115','9989
'NL321','1683
'NL128','8528
'NL416','5237
'NL423','6161
'NL416','5235
'NL211','8274
'NL414','5627
'NL416','5231
'NL127','8917
'NL132','7876
'NL127','8915
'NL128','8523
'NL114','9591
'NL132','7852
'NL115','9984
'NL211','8276
'NL132','7871
'NL416','5234
'NL115','9983
'NL132','7875
'NL132','7873
'NL423','6285
'NL226','6537
'NL416','5236
'NL423','6162
'NL127','8914
'NL226','6534
'NL132','7874
'NL115','9981
'NL321','1682
'NL423','6141
'NL115','9986
'NL115','9985
'NL127','8919
'NL128','8525
'NL128','8522
'NL423','6287
'NL321','1684
'NL211','8275
'NL115','9841
'NL127','8911
'NL363','2343
'NL414','5622
'NL421','5768
'NL416','5373
'NL414','5623
'NL363','2202
'NL127','8913
'NL350','3912
'NL363','2203
'NL131','9307
'NL342','4306
'NL350','3911
'NL414','5628
'NL32B','1028
'NL127','9057
'NL416','5371
'NL414','5621
'NL342','4307
'NL363','2201
'NL131','9304
'NL131','9306
'NL416','5232
'NL32B','1027
'NL342','4305
'NL421','5766
'NL414','5764
'NL127','9056
'NL416','5374
'NL414','5624
'NL414','5626
'NL127','9054
'NL342','4303
'NL226','6551
'NL127','8912
'NL224','4053
'NL342','4308
'NL414','5625
'NL342','4302
'NL416','5375
'NL132','7872
'NL363','2204
'NL366','3117
'NL327','1403
'NL224','4182
'NL127','9063
'NL361','2722
'NL414','5751
'NL422','6005
'NL366','3112
'NL327','1402
'NL422','6004
'NL327','1401
'NL221','7323
'NL366','3111
'NL213','7468
'NL221','7321
'NL366','3114
'NL225','7076
'NL221','7326
'NL365','2471
'NL365','2865
'NL221','7325
'NL327','1404
'NL342','4433
'NL32B','1153
'NL411','4823
'NL342','4431
'NL366','3257
'NL225','7071
'NL422','6002
'NL365','2861
'NL411','4825
'NL366','3258
'NL411','4826
'NL341','4576
'NL127','9064
'NL131','9455
'NL221','7322
'NL422','6006
'NL341','4574
'NL366','3255
'NL224','4181
'NL366','3115
'NL32B','1154
'NL127','9062
'NL127','9061
'NL411','4824
'NL213','7467
'NL327','1405
'NL131','9313
'NL131','9459
'NL32B','1151
'NL422','6001
'NL131','9311
'NL225','7075
'NL411','4827
'NL131','9456
'NL131','9314
'NL361','2723
'NL366','3113
'NL341','4575
'NL131','9454
'NL131','9312
'NL131','9457
'NL213','7466
'NL131','9458
'NL132','7859
'NL226','6538
'NL416','5216
'NL350','3645
'NL128','8526
'NL213','7461
'NL321','1687
'NL131','9451
'NL325','1541
'NL366','3251
'NL211','7711
'NL366','3253
'NL211','7715
'NL411','4822
'NL366','3256
'NL423','6142
'NL321','1689
'NL213','7463
'NL132','7854
'NL321','1685
'NL213','7462
'NL211','8278
'NL132','7858
'NL212','8131
'NL115','9842
'NL132','7856
'NL328','1935
'NL115','9845
'NL350','3648
'NL341','4571
'NL131','9452
'NL115','9988
'NL128','8527
'NL423','6289
'NL325','1544
'NL423','6143
'NL350','3646
'NL321','1686
'NL128','8529
'NL115','9844
'NL422','6003
'NL365','3648
'NL321','1688
'NL366','3252
'NL132','7853
'NL132','7855
'NL211','8277
'NL325','1546
'NL131','9453
'NL350','3901
'NL414','5614
'NL226','6543
'NL323','2082
'NL32B','1017
'NL416','5361
'NL361','2728
'NL414','5611
'NL224','4041
'NL363','2334
'NL414','5613
'NL32B','1019
'NL221','3792
'NL226','6685
'NL226','6541
'NL32B','1018
'NL127','9047
'NL328','1723
'NL32B','1473
'NL416','5368
'NL423','6294
'NL363','2332
'NL361','2729
'NL414','5757
'NL32B','1013
'NL423','6291
'NL32B','1475
'NL414','5615
'NL414','5756
'NL363','2331
'NL363','2333
'NL226','6687
'NL32B','1016
'NL226','6932
'NL414','5758
'NL414','5612
'NL350','3791
'NL221','3794
'NL342','4438
'NL328','1724
'NL226','6681
'NL32B','1474
'NL226','6684
'NL321','1724
'NL226','6686
'NL416','5364
'NL127','9045
'NL226','6931
'NL414','5759
'NL32B','1015
'NL416','5363
'NL365','3651
'NL226','6544
'NL414','5753
'NL32B','1014
'NL366','3119
'NL131','9439
'NL32B','1156
'NL361','2725
'NL221','7327
'NL366','3118
'NL32B','1012
'NL414','5752
'NL342','4437
'NL361','2726
'NL127','9041
'NL32B','1011
'NL221','7328
'NL342','4436
'NL225','7077
'NL224','4184
'NL342','4434
'NL361','2724
'NL221','7324
'NL327','1406
'NL131','9437
'NL342','4435
'NL224','4185
'NL225','7078
'NL361','2727
'NL414','5754
'NL366','3116
'NL221','7329
'NL131','9438
'NL224','4043
'NL127','9044
'NL361','2721
'NL131','9315
'NL127','9043
'NL364','4223
'NL211','8265
'NL414','5684
'NL361','2263
'NL342','4365
'NL366','2905
'NL230','1336
'NL411','4615
'NL230','1339
'NL364','4221
'NL366','2903
'NL115','9832
'NL361','2261
'NL421','5932
'NL115','9831
'NL226','6862
'NL115','9977
'NL230','1338
'NL361','2511
'NL421','5935
'NL225','7113
'NL361','2514
'NL366','2909
'NL115','9978
'NL366','2907
'NL212','8121
'NL128','8516
'NL361','2513
'NL350','3971
'NL411','4617
'NL366','2906
'NL114','9581
'NL211','8262
'NL366','2902
'NL32B','1087
'NL115','9975
'NL342','4364
'NL411','4614
'NL414','5682
'NL211','8266
'NL366','2652
'NL211','8261
'NL128','8514
'NL366','2904
'NL211','8264
'NL226','6861
'NL366','2901
'NL414','5683
'NL128','8511
'NL115','9976
'NL211','8267
'NL414','5685
'NL411','4616
'NL128','8515
'NL361','2264
'NL366','2651
'NL32B','1086
'NL128','8513
'NL361','2262
'NL114','9584
'NL128','8517
'NL225','7255
'NL230','1333
'NL132','7861
'NL414','5616
'NL416','5366
'NL350','3903
'NL423','6295
'NL32B','1082
'NL115','9971
'NL230','1335
'NL350','3904
'NL416','5224
'NL132','7863
'NL416','5221
'NL350','3902
'NL416','5223
'NL128','8651
'NL32B','1083
'NL225','7256
'NL32B','1477
'NL32B','1081
'NL226','6545
'NL230','1331
'NL416','5367
'NL115','9974
'NL226','6542
'NL365','3652
'NL414','5617
'NL230','1332
'NL211','8263
'NL366','3047
'NL230','1334
'NL32B','1476
'NL416','5222
'NL128','8658
'NL115','9972
'NL115','9973
'NL366','3046
'NL128','8512
'NL365','3653
'NL133','7902
'NL423','6333
'NL350','3836
'NL366','3051
'NL361','2518
'NL127','9051
'NL416','5401
'NL416','5151
'NL226','6869
'NL350','3832
'NL416','5403
'NL328','1873
'NL350','3582
'NL131','9448
'NL422','6085
'NL350','3442
'NL366','3192
'NL422','6083
'NL328','1871
'NL211','7794
'NL415','5012
'NL416','5408
'NL416','5158
'NL416','5152
'NL366','3052
'NL416','5298
'NL350','3581
'NL131','9301
'NL416','5402
'NL350','3831
'NL131','9447
'NL131','9302
'NL32B','1482
'NL131','9446
'NL212','8107
'NL350','3441
'NL366','3191
'NL321','1731
'NL350','3584
'NL350','3834
'NL416','5156
'NL416','5406
'NL415','5011
'NL127','9031
'NL416','5154
'NL350','3583
'NL350','3833
'NL350','3835
'NL131','9445
'NL416','5404
'NL422','6082
'NL350','3585
'NL211','7793
'NL212','8106
'NL211','7791
'NL127','9175
'NL211','7795
'NL127','9177
'NL211','7792
'NL416','5405
'NL131','9449
'NL422','6081
'NL416','5157
'NL32B','1481
'NL211','7796
'NL127','9174
'NL127','9053
'NL131','9443
'NL414','5541
'NL361','2512
'NL350','3972
'NL226','6865
'NL212','8124
'NL221','6721
'NL423','6471
'NL361','2517
'NL361','2267
'NL361','2266
'NL366','2908
'NL131','9442
'NL416','5293
'NL416','5291
'NL361','2516
'NL364','4225
'NL131','9444
'NL414','5688
'NL361','2265
'NL414','5689
'NL115','9833
'NL115','9979
'NL361','2515
'NL32A','2121
'NL225','7115
'NL416','5294
'NL226','6866
'NL131','9441
'NL416','5292
'NL225','7119
'NL114','9585
'NL416','5296
'NL363','2121
'NL225','7241
'NL421','5944
'NL230','1324
'NL32B','1074
'NL366','3037
'NL213','7514
'NL342','4371
'NL127','9038
'NL126','8391
'NL411','4621
'NL366','3035
'NL411','4623
'NL366','3039
'NL126','8393
'NL32B','1071
'NL421','5941
'NL230','1321
'NL414','5691
'NL411','4625
'NL342','4353
'NL414','5694
'NL321','1716
'NL414','5692
'NL128','8642
'NL32B','1072
'NL225','7245
'NL342','4373
'NL321','1718
'NL225','7261
'NL366','3034
'NL411','4765
'NL32B','1464
'NL225','7263
'NL126','8392
'NL213','7511
'NL213','7513
'NL366','3036
'NL366','3038
'NL133','7907
'NL321','1713
'NL225','7121
'NL342','4374
'NL225','7242
'NL133','7909
'NL126','8395
'NL321','1715
'NL115','9961
'NL230','1322
'NL32B','1463
'NL411','4622
'NL366','3199
'NL128','8641
'NL411','4624
'NL350','3449
'NL366','3033
'NL213','7638
'NL32B','1462
'NL350','3448
'NL32B','1075
'NL128','8644
'NL127','9036
'NL350','3443
'NL211','7797
'NL213','7651
'NL321','1733
'NL366','3054
'NL366','3193
'NL422','6086
'NL411','4761
'NL350','3446
'NL133','7905
'NL415','5018
'NL366','3198
'NL328','1483
'NL321','1736
'NL350','3445
'NL366','3056
'NL133','7903
'NL127','9034
'NL366','3194
'NL127','9176
'NL423','6336
'NL415','5014
'NL133','7901
'NL366','3053
'NL366','3195
'NL211','7798
'NL422','6088
'NL416','5409
'NL321','1711
'NL350','3444
'NL328','1484
'NL415','5013
'NL411','4762
'NL127','9035
'NL415','5015
'NL133','7904
'NL321','1735
'NL32B','1461
'NL411','4766
'NL366','3197
'NL366','3055
'NL350','3447
'NL133','7908
'NL328','1485
'NL133','7906
'NL415','5017
'NL127','9037
'NL213','7512
'NL127','9032
'NL321','1732
'NL422','6089
'NL127','9033
'NL127','9178
'NL328','1486
'NL366','3196
'NL321','1734
'NL226','6852
'NL230','8256
'NL230','8252
'NL230','1328
'NL32B','1078
'NL225','7103
'NL226','6994
'NL115','9967
'NL365','2396
'NL32B','1077
'NL230','8255
'NL421','5924
'NL226','6851
'NL225','7102
'NL230','1327
'NL414','5673
'NL32B','1079
'NL363','2252
'NL421','5923
'NL115','9825
'NL225','6998
'NL128','8506
'NL342','4356
'NL414','5671
'NL416','5281
'NL224','4214
'NL421','5925
'NL225','7107
'NL421','5921
'NL128','8505
'NL225','6997
'NL212','8111
'NL342','4357
'NL224','4211
'NL421','5922
'NL414','5672
'NL115','9822
'NL115','9964
'NL225','7101
'NL414','5531
'NL361','2642
'NL414','5674
'NL364','4213
'NL115','9968
'NL225','7104
'NL421','5926
'NL361','2643
'NL132','9571
'NL363','2251
'NL361','2645
'NL363','2253
'NL128','8507
'NL225','6999
'NL128','8502
'NL115','9821
'NL225','6996
'NL115','9969
'NL224','4212
'NL225','7105
'NL132','9573
'NL225','7108
'NL212','8112
'NL126','8398
'NL115','9966
'NL230','8253
'NL32B','1073
'NL128','8501
'NL230','8251
'NL225','7244
'NL230','1323
'NL361','2641
'NL365','2391
'NL32B','1076
'NL230','1326
'NL342','4354
'NL226','6991
'NL230','8254
'NL365','2394
'NL230','1325
'NL321','1719
'NL342','4351
'NL126','8394
'NL115','9962
'NL213','7637
'NL115','9963
'NL342','4352
'NL421','5943
'NL128','8647
'NL115','9965
'NL128','8503
'NL126','8397
'NL126','8396
'NL230','1329
'NL350','3828
'NL350','3432
'NL423','6325
'NL328','1722
'NL366','3043
'NL126','8433
'NL422','6075
'NL422','6071
'NL350','3824
'NL415','5144
'NL32A','2116
'NL350','3431
'NL366','3181
'NL328','1721
'NL32B','1471
'NL221','7391
'NL350','3825
'NL221','6718
'NL211','7788
'NL213','7641
'NL423','6468
'NL115','9752
'NL126','8431
'NL415','5146
'NL423','6466
'NL221','6716
'NL221','8181
'NL350','3826
'NL328','1861
'NL221','6717
'NL423','6321
'NL415','5145
'NL211','7783
'NL115','9891
'NL350','3823
'NL128','8574
'NL411','4891
'NL423','6469
'NL350','3573
'NL115','9892
'NL366','3041
'NL350','3829
'NL126','8434
'NL350','3433
'NL211','7782
'NL423','6467
'NL221','7392
'NL211','7787
'NL126','8432
'NL211','7784
'NL115','9893
'NL211','7785
'NL422','6074
'NL328','1865
'NL350','3961
'NL32A','2111
'NL416','5282
'NL131','9431
'NL221','6713
'NL423','6463
'NL415','5141
'NL350','3572
'NL32A','2114
'NL423','6465
'NL350','3822
'NL131','9432
'NL350','3962
'NL415','5142
'NL115','9827
'NL421','5927
'NL131','9436
'NL115','9828
'NL423','6462
'NL328','1862
'NL423','6464
'NL416','5283
'NL423','6461
'NL225','7109
'NL128','8822
'NL221','6711
'NL221','6712
'NL128','8572
'NL350','3571
'NL221','6714
'NL363','2254
'NL115','9824
'NL211','7781
'NL131','9435
'NL225','7106
'NL421','5928
'NL132','9574
'NL415','5143
'NL128','8823
'NL128','8573
'NL131','9434
'NL131','9433
'NL414','5534
'NL221','6715
'NL128','8508
'NL350','3821
'NL115','9615
'NL126','9223
'NL213','7627
'NL342','4484
'NL32B','1064
'NL366','3022
'NL365','2771
'NL328','1701
'NL115','9363
'NL32B','1454
'NL411','4613
'NL115','9614
'NL366','3024
'NL411','4758
'NL115','9617
'NL230','1311
'NL366','3027
'NL32B','1061
'NL32B','1063
'NL115','9611
'NL328','1703
'NL411','4759
'NL213','7625
'NL115','9366
'NL414','5681
'NL225','7234
'NL366','3026
'NL328','1705
'NL411','4756
'NL411','4611
'NL225','7232
'NL350','3438
'NL32B','1452
'NL342','4361
'NL328','1702
'NL366','3023
'NL211','8043
'NL225','7399
'NL421','5931
'NL350','3417
'NL342','4485
'NL115','9616
'NL411','4735
'NL411','4612
'NL325','1456
'NL366','3028
'NL32B','1060
'NL423','6307
'NL366','3025
'NL328','1706
'NL225','7231
'NL115','9613
'NL115','9364
'NL328','1704
'NL115','9361
'NL342','4363
'NL115','9365
'NL211','8045
'NL213','7626
'NL342','4486
'NL350','3437
'NL115','9751
'NL366','3042
'NL211','8042
'NL133','8438
'NL366','3044
'NL350','3436
'NL225','7251
'NL115','9756
'NL328','1846
'NL350','3435
'NL115','9753
'NL32B','1451
'NL221','7397
'NL211','8044
'NL213','7645
'NL115','9755
'NL350','3439
'NL213','7642
'NL366','3045
'NL366','3021
'NL411','4754
'NL126','8435
'NL350','3434
'NL422','6077
'NL328','1843
'NL211','7786
'NL411','4751
'NL32B','1472
'NL221','7396
'NL328','1847
'NL115','9362
'NL133','8437
'NL328','1844
'NL221','7395
'NL211','8041
'NL133','8439
'NL226','6846
'NL350','3953
'NL414','5524
'NL230','1318
'NL421','6591
'NL414','5666
'NL421','5915
'NL226','6842
'NL128','8582
'NL414','5664
'NL127','8832
'NL350','3951
'NL361','2243
'NL364','4206
'NL416','5271
'NL226','6843
'NL414','5521
'NL323','1991
'NL414','5667
'NL361','2244
'NL421','6595
'NL364','4208
'NL32A','2102
'NL226','6844
'NL127','8833
'NL226','6845
'NL128','8561
'NL127','8811
'NL226','6988
'NL416','5272
'NL414','5663
'NL32B','1069
'NL421','5912
'NL230','1319
'NL364','4201
'NL364','4204
'NL414','5665
'NL364','4202
'NL127','8831
'NL364','4205
'NL32A','1991
'NL361','2242
'NL361','2241
'NL414','5662
'NL226','6841
'NL421','5916
'NL128','8583
'NL32B','1068
'NL421','5914
'NL362','2636
'NL127','8834
'NL226','6987
'NL361','2245
'NL128','8584
'NL128','8581
'NL421','6596
'NL364','4203
'NL363','2381
'NL32B','1062
'NL361','2631
'NL230','1312
'NL115','9367
'NL230','1314
'NL230','1317
'NL32B','1067
'NL361','2632
'NL226','6983
'NL230','1316
'NL32B','1066
'NL230','1313
'NL126','9221
'NL342','4341
'NL226','6982
'NL126','9222
'NL226','6984
'NL363','2382
'NL366','3029
'NL421','5911
'NL115','9619
'NL362','2635
'NL421','5913
'NL32B','1065
'NL230','1315
'NL32B','1458
'NL115','9618
'NL414','5661
'NL226','6986
'NL328','1458
'NL325','1458
'NL226','6981
'NL225','7233
'NL350','3818
'NL211','8031
'NL131','9492
'NL115','9742
'NL366','3172
'NL221','6708
'NL328','1852
'NL350','3815
'NL423','6312
'NL115','9881
'NL366','3032
'NL350','3817
'NL221','8172
'NL115','9741
'NL366','3171
'NL211','7779
'NL366','3031
'NL350','3816
'NL328','1831
'NL221','7382
'NL342','4491
'NL213','7634
'NL422','6065
'NL127','8816
'NL131','9491
'NL350','3421
'NL221','7384
'NL128','8566
'NL350','3565
'NL211','7773
'NL115','9883
'NL211','7775
'NL328','1832
'NL221','6709
'NL422','6063
'NL328','1853
'NL126','8421
'NL128','8567
'NL350','3812
'NL411','4881
'NL221','8171
'NL350','3958
'NL221','7381
'NL115','9885
'NL221','7383
'NL126','8425
'NL422','6067
'NL115','9882
'NL350','3566
'NL411','4882
'NL115','9886
'NL211','7778
'NL411','4885
'NL414','5529
'NL350','3814
'NL411','4884
'NL350','3564
'NL328','1834
'NL131','9493
'NL211','7777
'NL126','8424
'NL221','6707
'NL126','8422
'NL115','9743
'NL213','7631
'NL423','6311
'NL211','7776
'NL422','6061
'NL126','8423
'NL115','9884
'NL350','3819
'NL211','8032
'NL350','3562
'NL221','6705
'NL221','6701
'NL423','6451
'NL32A','2104
'NL415','5131
'NL328','1851
'NL414','5528
'NL32A','2105
'NL350','3813
'NL350','3563
'NL211','7771
'NL350','3956
'NL221','6706
'NL414','5525
'NL127','8813
'NL416','5275
'NL221','6703
'NL211','7772
'NL364','4207
'NL128','8563
'NL127','8814
'NL364','4209
'NL32A','2106
'NL128','8564
'NL423','6456
'NL414','5527
'NL32A','2101
'NL32A','2103
'NL421','6599
'NL221','6704
'NL350','3811
'NL350','3561
'NL415','5133
'NL221','6702
'NL128','8565
'NL323','1992
'NL127','8812
'NL350','3959
'NL421','6598
'NL423','6454
'NL342','4335
'NL363','2371
'NL32B','1056
'NL32B','1445
'NL115','9605
'NL411','4724
'NL366','3016
'NL350','3405
'NL362','3155
'NL32B','1447
'NL115','9607
'NL411','4726
'NL32B','1051
'NL32B','1054
'NL342','4332
'NL115','9359
'NL32B','1053
'NL115','9609
'NL342','4474
'NL221','7364
'NL213','7614
'NL422','6049
'NL115','9602
'NL32B','1446
'NL126','9212
'NL411','4721
'NL342','4471
'NL366','3015
'NL115','9354
'NL115','9356
'NL342','4331
'NL225','7224
'NL362','2622
'NL225','6971
'NL414','5651
'NL366','2761
'NL32B','1448
'NL32B','1055
'NL342','4475
'NL126','9216
'NL32B','1057
'NL32B','1052
'NL115','9606
'NL411','4725
'NL342','4333
'NL225','7221
'NL115','9608
'NL126','9211
'NL225','7223
'NL411','4727
'NL115','9355
'NL213','7615
'NL126','9213
'NL225','7225
'NL32B','1442
'NL411','4744
'NL131','9494
'NL342','4493
'NL213','7636
'NL131','9497
'NL115','9351
'NL32B','1441
'NL366','3012
'NL126','8428
'NL213','7635
'NL350','3404
'NL366','3011
'NL32B','1191
'NL131','9496
'NL32B','1444
'NL115','9746
'NL115','9744
'NL422','6045
'NL115','9601
'NL211','8035
'NL366','3176
'NL411','4741
'NL126','8427
'NL366','3013
'NL211','8033
'NL366','3014
'NL350','3403
'NL32B','1443
'NL211','8034
'NL422','6044
'NL115','9603
'NL126','8426
'NL411','4722
'NL131','9749
'NL350','3425
'NL131','9495
'NL342','4494
'NL350','1191
'NL115','9747
'NL342','4472
'NL115','9745
'NL423','6301
'NL422','6051
'NL423','6447
'NL226','6834
'NL350','3945
'NL414','5658
'NL423','6441
'NL416','5261
'NL363','2236
'NL415','5121
'NL127','8801
'NL128','8551
'NL414','5513
'NL423','6444
'NL127','8802
'NL415','5122
'NL411','4871
'NL350','3551
'NL350','3554
'NL323','1981
'NL414','5511
'NL423','6191
'NL128','8556
'NL132','7764
'NL416','5263
'NL226','6835
'NL423','6443
'NL350','3941
'NL416','5262
'NL127','8806
'NL328','1842
'NL421','6587
'NL423','6442
'NL132','7761
'NL350','3947
'NL414','5512
'NL323','1985
'NL127','8804
'NL128','8554
'NL416','5268
'NL421','6584
'NL416','5266
'NL350','3553
'NL423','6446
'NL350','3555
'NL415','5126
'NL363','2235
'NL226','6836
'NL127','9871
'NL416','5264
'NL128','8552
'NL421','6586
'NL423','6445
'NL350','3552
'NL415','5125
'NL128','8553
'NL328','1841
'NL127','8805
'NL127','9872
'NL411','5121
'NL421','6585
'NL225','6975
'NL32B','1059
'NL126','9218
'NL362','2624
'NL226','6581
'NL362','2627
'NL342','4336
'NL414','5653
'NL362','2628
'NL128','8821
'NL230','1309
'NL342','4337
'NL414','5652
'NL128','8571
'NL226','6833
'NL126','9215
'NL362','2623
'NL363','2232
'NL414','5657
'NL225','7227
'NL363','2375
'NL32B','1058
'NL226','6831
'NL342','4334
'NL414','5655
'NL363','2231
'NL225','6974
'NL362','2625
'NL362','2626
'NL363','2376
'NL126','9217
'NL363','2377
'NL342','4339
'NL414','5654
'NL226','6582
'NL226','6832
'NL126','9214
'NL32B','2377
'NL225','7226
'NL126','9219
'NL363','2374
'NL362','2629
'NL342','4338
'NL414','5656
'NL211','8026
'NL115','9737
'NL416','5446
'NL423','6371
'NL411','4876
'NL365','2807
'NL131','9481
'NL213','7623
'NL115','9734
'NL365','2805
'NL211','8023
'NL363','2163
'NL131','9483
'NL221','3871
'NL32B','2165
'NL350','4125
'NL115','9736
'NL211','8025
'NL365','2415
'NL350','4126
'NL224','6621
'NL115','9731
'NL365','2809
'NL131','9485
'NL211','8024
'NL416','5445
'NL350','3415
'NL411','4879
'NL211','8022
'NL211','8021
'NL342','4481
'NL365','2803
'NL363','2161
'NL115','9732
'NL411','4731
'NL365','2411
'NL342','4482
'NL350','4124
'NL361','2553
'NL221','8166
'NL416','5443
'NL131','9342
'NL350','4128
'NL411','4877
'NL363','2162
'NL115','9733
'NL131','9341
'NL131','9488
'NL32A','2022
'NL365','2806
'NL32A','2021
'NL115','9738
'NL213','7622
'NL366','3165
'NL115','9735
'NL127','9091
'NL411','4878
'NL423','6372
'NL350','3411
'NL131','9484
'NL365','2412
'NL131','9486
'NL365','2808
'NL366','3161
'NL131','9487
'NL221','8167
'NL126','8415
'NL361','2555
'NL411','4872
'NL221','8162
'NL221','8161
'NL365','2802
'NL361','2552
'NL126','8411
'NL221','7371
'NL126','8414
'NL213','7621
'NL132','7765
'NL365','2801
'NL350','3413
'NL415','5124
'NL411','4873
'NL126','8412
'NL361','2551
'NL411','4874
'NL365','2804
'NL132','7766
'NL423','6199
'NL361','2554
'NL423','6305
'NL131','9482
'NL366','3162
'NL127','8807
'NL126','8413
'NL127','8809
'NL127','8808
'NL411','4875
'NL127','9873
'NL350','3412
'NL213','7556
'NL366','3202
'NL127','8933
'NL327','1382
'NL364','3341
'NL321','1777
'NL133','7944
'NL327','1381
'NL350','3737
'NL126','9207
'NL213','7551
'NL350','3739
'NL364','3343
'NL327','1384
'NL411','4661
'NL321','1778
'NL321','1634
'NL321','1779
'NL321','1633
'NL364','2951
'NL411','4911
'NL364','2953
'NL126','9205
'NL32A','2026
'NL321','1775
'NL224','5305
'NL133','7942
'NL350','3734
'NL423','6231
'NL224','6627
'NL213','7553
'NL126','9204
'NL211','7946
'NL321','1631
'NL327','1383
'NL350','3738
'NL224','5307
'NL224','6629
'NL213','7552
'NL364','3342
'NL423','6235
'NL133','7948
'NL415','5057
'NL213','7554
'NL364','2952
'NL133','7949
'NL225','7161
'NL415','5059
'NL321','1774
'NL211','7696
'NL213','7557
'NL415','5056
'NL127','8931
'NL411','4664
'NL364','2954
'NL423','6237
'NL364','3344
'NL126','9203
'NL211','7695
'NL224','5306
'NL224','5308
'NL126','9206
'NL350','3481
'NL126','9201
'NL415','5051
'NL350','3731
'NL321','1771
'NL423','6373
'NL211','8028
'NL224','5301
'NL211','7692
'NL415','5053
'NL126','9202
'NL350','3732
'NL211','7694
'NL416','5447
'NL133','7941
'NL415','5052
'NL32A','2024
'NL32A','2025
'NL423','6374
'NL416','5449
'NL32A','2023
'NL224','6626
'NL224','5302
'NL133','7943
'NL224','6624
'NL211','7691
'NL213','7694
'NL131','9343
'NL224','6628
'NL211','7693
'NL131','9489
'NL350','3735
'NL321','1773
'NL211','8151
'NL362','2291
'NL126','8401
'NL341','4527
'NL350','4131
'NL361','2541
'NL212','7415
'NL366','3208
'NL421','5988
'NL361','2563
'NL327','1222
'NL364','2959
'NL361','2562
'NL421','5987
'NL366','3207
'NL414','5591
'NL212','7419
'NL327','1221
'NL362','2684
'NL211','8152
'NL327','1223
'NL321','1619
'NL341','4528
'NL416','5843
'NL350','4132
'NL341','4522
'NL362','2292
'NL366','3209
'NL361','2542
'NL366','3205
'NL341','4524
'NL127','8935
'NL212','7417
'NL115','9861
'NL415','4273
'NL128','8542
'NL321','1616
'NL341','4525
'NL365','2935
'NL212','7416
'NL366','3204
'NL225','7021
'NL321','1617
'NL212','7418
'NL211','8293
'NL421','5984
'NL362','2685
'NL115','9862
'NL416','5844
'NL127','8939
'NL127','8938
'NL416','5841
'NL327','1244
'NL211','8294
'NL115','9863
'NL225','7025
'NL213','7559
'NL212','7413
'NL127','8936
'NL421','5985
'NL327','1241
'NL212','7412
'NL212','7411
'NL366','3203
'NL415','4271
'NL212','7414
'NL341','4521
'NL364','2957
'NL127','8937
'NL365','2811
'NL213','7558
'NL366','3206
'NL361','2561
'NL213','7555
'NL127','8932
'NL328','1636
'NL421','5981
'NL366','3201
'NL127','8934
'NL225','7165
'NL421','5986
'NL327','1243
'NL211','8291
'NL128','8541
'NL365','2406
'NL225','7009
'NL115','9727
'NL211','8016
'NL416','5431
'NL224','4111
'NL126','8407
'NL211','8011
'NL361','2548
'NL115','9722
'NL32B','2151
'NL365','2401
'NL341','4507
'NL416','5825
'NL115','9725
'NL211','8014
'NL221','3862
'NL225','7006
'NL365','2404
'NL221','3861
'NL365','2403
'NL416','5432
'NL115','9728
'NL32B','2153
'NL131','9331
'NL211','8012
'NL226','6611
'NL423','6361
'NL127','9082
'NL224','4116
'NL127','9081
'NL361','2547
'NL32B','2154
'NL131','9474
'NL365','2402
'NL32B','2152
'NL225','7004
'NL131','9472
'NL115','9726
'NL211','8013
'NL414','5575
'NL224','4117
'NL32A','2011
'NL416','5826
'NL131','9475
'NL225','7007
'NL365','2407
'NL365','2405
'NL115','9724
'NL126','8409
'NL126','8408
'NL126','8406
'NL416','5453
'NL414','5702
'NL350','4133
'NL361','2544
'NL221','3881
'NL341','4529
'NL225','7003
'NL115','9721
'NL131','9471
'NL416','5451
'NL414','5701
'NL361','2543
'NL361','2545
'NL416','5454
'NL362','2295
'NL414','5704
'NL131','9473
'NL115','9723
'NL126','8403
'NL414','5703
'NL416','5846
'NL225','7005
'NL115','9865
'NL225','7002
'NL126','8404
'NL341','4508
'NL211','8154
'NL414','5595
'NL416','5845
'NL361','2546
'NL224','4112
'NL115','9866
'NL211','8153
'NL115','9864
'NL126','8405
'NL225','7001
'NL364','3332
'NL211','8333
'NL423','6225
'NL321','1622
'NL126','8479
'NL213','7686
'NL415','5048
'NL115','9798
'NL366','3085
'NL226','6617
'NL423','6367
'NL415','5045
'NL423','6221
'NL364','3331
'NL415','5047
'NL423','6369
'NL366','3083
'NL133','7934
'NL366','3086
'NL415','5046
'NL423','6222
'NL221','8084
'NL213','7541
'NL211','8334
'NL411','4793
'NL32A','2019
'NL127','8941
'NL411','4651
'NL415','5044
'NL127','9088
'NL350','3721
'NL366','3082
'NL213','7683
'NL321','1761
'NL131','9337
'NL350','3474
'NL321','1764
'NL321','1767
'NL321','1621
'NL366','3087
'NL127','9089
'NL411','4794
'NL415','5041
'NL416','5438
'NL133','7931
'NL411','4791
'NL423','6223
'NL350','3471
'NL350','3723
'NL364','3333
'NL423','6226
'NL366','3081
'NL213','7681
'NL133','7936
'NL415','5049
'NL213','7687
'NL133','7933
'NL321','1766
'NL133','7932
'NL321','1769
'NL366','3084
'NL366','3089
'NL226','6616
'NL211','7685
'NL131','7937
'NL416','5437
'NL415','5043
'NL127','9087
'NL133','7935
'NL127','9084
'NL224','4119
'NL221','3863
'NL32A','2013
'NL365','2408
'NL32A','2012
'NL416','5435
'NL32A','2014
'NL127','9085
'NL131','9334
'NL363','2159
'NL211','8017
'NL423','6365
'NL416','5439
'NL350','3722
'NL416','5827
'NL131','9333
'NL115','9479
'NL226','6615
'NL211','8019
'NL32B','2156
'NL221','3864
'NL365','2409
'NL415','5042
'NL32B','2157
'NL416','5433
'NL211','8015
'NL226','6612
'NL32A','2015
'NL127','9086
'NL131','9335
'NL127','9083
'NL225','7008
'NL224','4115
'NL423','6363
'NL32B','2158
'NL226','6613
'NL416','5434
'NL32B','2155
'NL131','9336
'NL362','2675
'NL366','2924
'NL415','4264
'NL225','7157
'NL414','5583
'NL411','4907
'NL321','1628
'NL127','9261
'NL230','1354
'NL127','9263
'NL366','2923
'NL411','4909
'NL415','4909
'NL230','1357
'NL327','1211
'NL362','2672
'NL414','5581
'NL321','1606
'NL341','4515
'NL127','9269
'NL131','9511
'NL421','5973
'NL415','4265
'NL131','9515
'NL327','1213
'NL321','1609
'NL362','2673
'NL366','2922
'NL416','5831
'NL225','7151
'NL423','6228
'NL411','4904
'NL321','1625
'NL421','5971
'NL421','5976
'NL131','9655
'NL213','7547
'NL131','9659
'NL127','9121
'NL421','5977
'NL131','9512
'NL127','9262
'NL327','1231
'NL421','5975
'NL321','1607
'NL225','7011
'NL213','7546
'NL415','4261
'NL362','2694
'NL341','4511
'NL131','9657
'NL411','4903
'NL211','8339
'NL411','4906
'NL127','9265
'NL411','4908
'NL230','1356
'NL366','2925
'NL225','7152
'NL213','7548
'NL230','1355
'NL127','9264
'NL225','7156
'NL131','9658
'NL411','4655
'NL341','4513
'NL131','9514
'NL364','3335
'NL213','7543
'NL115','9651
'NL213','7545
'NL411','4902
'NL411','4901
'NL213','7544
'NL365','2941
'NL362','2692
'NL321','1623
'NL423','6224
'NL131','7938
'NL213','7542
'NL211','8338
'NL423','6229
'NL362','2693
'NL411','4797
'NL211','8337
'NL423','6227
'NL362','2691
'NL321','1768
'NL213','7688
'NL364','3336
'NL321','1624
'NL364','3334
'NL221','8085
'NL131','9656
'NL321','1627
'NL211','8335
'NL411','4652
'NL366','3088
'NL131','9654
'NL115','9797
'NL411','4905
'NL211','8336
'NL411','4796
'NL226','6604
'NL415','5032
'NL416','5428
'NL366','3072
'NL221','6741
'NL361','2286
'NL350','3994
'NL421','5815
'NL415','5171
'NL224','4102
'NL414','5421
'NL32B','2142
'NL221','8091
'NL221','3852
'NL126','8483
'NL221','6744
'NL350','3998
'NL224','4106
'NL211','8342
'NL224','4104
'NL421','5817
'NL361','2288
'NL128','8731
'NL221','3851
'NL126','8487
'NL414','5422
'NL224','4101
'NL32B','2141
'NL350','3991
'NL224','4103
'NL327','1218
'NL361','2287
'NL350','4247
'NL350','3993
'NL415','5172
'NL421','5814
'NL126','8481
'NL226','6602
'NL415','5176
'NL224','4107
'NL421','5812
'NL126','8485
'NL224','4105
'NL350','3995
'NL221','3853
'NL128','8736
'NL226','6601
'NL128','8732
'NL350','3997
'NL32B','2143
'NL350','3999
'NL415','5175
'NL126','8486
'NL421','5816
'NL361','2289
'NL128','8734
'NL414','5425
'NL126','8482
'NL423','6351
'NL126','8484
'NL221','6745
'NL414','5423
'NL32B','2144
'NL128','8733
'NL128','8735
'NL128','8737
'NL126','8489
'NL414','5424
'NL350','3992
'NL414','5563
'NL226','6881
'NL362','2676
'NL416','5835
'NL327','1215
'NL361','2533
'NL225','7135
'NL327','1214
'NL361','2283
'NL226','6883
'NL327','1217
'NL361','2532
'NL362','2678
'NL127','9123
'NL415','4268
'NL350','4245
'NL225','7136
'NL361','2282
'NL416','5441
'NL361','2531
'NL361','2285
'NL230','1359
'NL327','1216
'NL226','6882
'NL416','5836
'NL350','4122
'NL127','8871
'NL225','7137
'NL361','2281
'NL414','5582
'NL127','9122
'NL321','1608
'NL350','4121
'NL415','4267
'NL415','4269
'NL127','9124
'NL127','8872
'NL327','1212
'NL361','2284
'NL230','1358
'NL421','5813
'NL415','4266
'NL366','2926
'NL127','9125
'NL225','7141
'NL362','2681
'NL221','8076
'NL415','5037
'NL221','8071
'NL366','3077
'NL230','8321
'NL213','7532
'NL423','6216
'NL213','7531
'NL115','9785
'NL133','7927
'NL321','1613
'NL365','2931
'NL366','3079
'NL423','6215
'NL213','7534
'NL221','8077
'NL411','4641
'NL114','9642
'NL423','6218
'NL423','6213
'NL321','1759
'NL230','1364
'NL114','9645
'NL213','7533
'NL230','1361
'NL230','1363
'NL366','3078
'NL415','5038
'NL321','1611
'NL230','1362
'NL221','8072
'NL213','7678
'NL211','8325
'NL423','6219
'NL411','4782
'NL230','8322
'NL114','9641
'NL423','6214
'NL126','8468
'NL350','3467
'NL213','7535
'NL321','1757
'NL321','1756
'NL221','8075
'NL132','7929
'NL365','3466
'NL423','6217
'NL213','7679
'NL131','7928
'NL211','8345
'NL133','7921
'NL213','7672
'NL350','3464
'NL213','7671
'NL366','3073
'NL350','3712
'NL365','3465
'NL366','3076
'NL321','1755
'NL213','7675
'NL226','6606
'NL366','3074
'NL128','8467
'NL423','6211
'NL415','5035
'NL133','7926
'NL366','3075
'NL350','3711
'NL211','7671
'NL321','1751
'NL350','3461
'NL211','8344
'NL126','8488
'NL415','5036
'NL321','1752
'NL366','3071
'NL226','6603
'NL416','5427
'NL221','8094
'NL411','4781
'NL114','9661
'NL226','6605
'NL213','7676
'NL115','9784
'NL211','8341
'NL321','1753
'NL423','6212
'NL133','7924
'NL321','1754
'NL423','6353
'NL211','8343
'NL230','8323
'NL221','8095
'NL128','8466
'NL133','7925
'NL126','8469
'NL361','2274
'NL414','5553
'NL361','2524
'NL225','7126
'NL350','4233
'NL366','2912
'NL225','7123
'NL32B','1098
'NL127','9111
'NL414','5571
'NL341','4506
'NL366','2665
'NL416','5824
'NL361','2522
'NL350','4231
'NL361','2271
'NL230','1349
'NL361','2273
'NL127','8862
'NL421','5802
'NL416','5821
'NL225','7122
'NL350','3981
'NL127','9257
'NL127','9113
'NL366','2914
'NL361','2521
'NL32B','1096
'NL127','9255
'NL415','4254
'NL32B','1097
'NL361','2272
'NL350','4235
'NL32B','1095
'NL341','4504
'NL127','8861
'NL366','2662
'NL361','2275
'NL416','5823
'NL226','6871
'NL226','6891
'NL127','9254
'NL341','4503
'NL127','9256
'NL127','9112
'NL127','9258
'NL415','4255
'NL366','2913
'NL341','4505
'NL127','9114
'NL366','2661
'NL421','5961
'NL32B','1092
'NL127','9251
'NL114','9501
'NL32B','1094
'NL411','4645
'NL114','9646
'NL341','4501
'NL32B','1093
'NL366','3059
'NL415','4251
'NL230','1343
'NL421','5964
'NL114','9502
'NL211','8326
'NL421','5962
'NL411','4251
'NL421','5966
'NL114','9503
'NL114','9648
'NL114','9644
'NL32B','1091
'NL366','2911
'NL321','1614
'NL364','3328
'NL213','7536
'NL421','5963
'NL115','9649
'NL221','8079
'NL328','1487
'NL323','1489
'NL364','3329
'NL321','1738
'NL225','7142
'NL230','1341
'NL328','1488
'NL126','8941
'NL221','3842
'NL32B','2134
'NL128','8723
'NL126','9422
'NL421','5808
'NL32B','2133
'NL126','8471
'NL126','8472
'NL128','8722
'NL126','8474
'NL226','6874
'NL350','3925
'NL221','6731
'NL221','6732
'NL221','6877
'NL226','6657
'NL414','5555
'NL421','5809
'NL361','2523
'NL414','5552
'NL421','5801
'NL32B','2131
'NL361','2525
'NL421','5804
'NL414','5554
'NL32B','2132
'NL128','8721
'NL414','5551
'NL361','2526
'NL350','3984
'NL421','5803
'NL414','5556
'NL350','3985
'NL416','5076
'NL415','5268
'NL323','1851
'NL415','5028
'NL328','1747
'NL112','9902
'NL112','9947
'NL112','9948
'NL112','9949
'NL112','9987
'NL112','9991
'NL112','9903
'NL112','9904
'NL112','9905
'NL112','9992
'NL112','9993
'NL112','9994
'NL112','9906
'NL112','9907
'NL112','9908
'NL112','9909
'NL112','9911
'NL112','9912
'NL112','9913
'NL112','9914
'NL112','9915
'NL112','9917
'NL112','9918
'NL112','9919
'NL112','9921
'NL112','9922
'NL112','9923
'NL112','9924
'NL112','9931
'NL112','9932
'NL112','9933
'NL112','9934
'NL112','9901
'NL112','9936
'NL112','9937
'NL112','9945
'NL112','9946
'NL361','2652
'NL366','3921
'NL126','9431
'NL213','7479
'NL133','8344
'NL126','8374
